{
  "files": [
    {
      "filepath": "/home/runner/work/docs-mcp/docs-mcp/test/bench/markdown.bench.ts",
      "groups": [
        {
          "fullName": "test/bench/markdown.bench.ts > extractor/markdown.htmlToMarkdown",
          "benchmarks": [
            {
              "id": "-917561216_0_0",
              "name": "nextjs fixture",
              "rank": 1,
              "rme": 2.289895607347059,
              "samples": [],
              "totalTime": 500.0302009999983,
              "min": 0.37937299999998686,
              "max": 2.6578989999999294,
              "hz": 1971.88089445022,
              "period": 0.5071300212981728,
              "mean": 0.5071300212981728,
              "variance": 0.034612644509184304,
              "sd": 0.18604473792393136,
              "sem": 0.005924871470022991,
              "df": 985,
              "critical": 1.96,
              "moe": 0.011612748081245062,
              "p75": 0.5191249999999741,
              "p99": 0.9647389999999518,
              "p995": 1.7915699999999788,
              "p999": 2.6578989999999294,
              "sampleCount": 986,
              "median": 0.4374370000000454
            },
            {
              "id": "-917561216_0_1",
              "name": "synthetic ~200KB body",
              "rank": 2,
              "rme": 6.891371931312607,
              "samples": [],
              "totalTime": 514.9662570000003,
              "min": 15.939673999999968,
              "max": 26.66940999999997,
              "hz": 52.430619740586195,
              "period": 19.072824333333344,
              "mean": 19.072824333333344,
              "variance": 11.034659599751937,
              "sd": 3.321845812158044,
              "sem": 0.6392895246186259,
              "df": 26,
              "critical": 2.056,
              "moe": 1.3143792626158948,
              "p75": 21.414602999999943,
              "p99": 26.66940999999997,
              "p995": 26.66940999999997,
              "p999": 26.66940999999997,
              "sampleCount": 27,
              "median": 17.77793399999996
            }
          ]
        },
        {
          "fullName": "test/bench/markdown.bench.ts > extractor/extract",
          "benchmarks": [
            {
              "id": "-917561216_1_0",
              "name": "nextjs fixture",
              "rank": 1,
              "rme": 4.038784782662705,
              "samples": [],
              "totalTime": 500.7829829999962,
              "min": 0.7865990000000238,
              "max": 5.174395000000004,
              "hz": 870.6366126662161,
              "period": 1.1485848233944866,
              "mean": 1.1485848233944866,
              "variance": 0.244231634582713,
              "sd": 0.49419797104269153,
              "sem": 0.023667790338382566,
              "df": 435,
              "critical": 1.96,
              "moe": 0.04638886906322983,
              "p75": 1.232142999999951,
              "p99": 3.895291000000043,
              "p995": 4.21205000000009,
              "p999": 5.174395000000004,
              "sampleCount": 436,
              "median": 0.9688549999999623
            }
          ]
        }
      ]
    },
    {
      "filepath": "/home/runner/work/docs-mcp/docs-mcp/test/bench/chunk.bench.ts",
      "groups": [
        {
          "fullName": "test/bench/chunk.bench.ts > indexer/chunk.chunk",
          "benchmarks": [
            {
              "id": "1717632122_0_0",
              "name": "~50KB heading-rich markdown",
              "rank": 1,
              "rme": 0.8689629690416032,
              "samples": [],
              "totalTime": 501.34077700000114,
              "min": 1.4805079999999862,
              "max": 2.363394000000028,
              "hz": 634.2990927306902,
              "period": 1.5765433238993747,
              "mean": 1.5765433238993747,
              "variance": 0.01553564667315942,
              "sd": 0.12464207424926553,
              "sem": 0.006989580446726116,
              "df": 317,
              "critical": 1.96,
              "moe": 0.013699577675583186,
              "p75": 1.6296150000000011,
              "p99": 2.221059000000025,
              "p995": 2.284895000000006,
              "p999": 2.363394000000028,
              "sampleCount": 318,
              "median": 1.5351615000000152
            }
          ]
        }
      ]
    },
    {
      "filepath": "/home/runner/work/docs-mcp/docs-mcp/test/bench/url.bench.ts",
      "groups": [
        {
          "fullName": "test/bench/url.bench.ts > crawler/url.normalize",
          "benchmarks": [
            {
              "id": "1187820216_0_0",
              "name": "hot path",
              "rank": 1,
              "rme": 2.567205805344738,
              "samples": [],
              "totalTime": 500.0055419999977,
              "min": 0.007070999999996275,
              "max": 5.310850999999957,
              "hz": 109948.78132770826,
              "period": 0.00909514401091401,
              "mean": 0.00909514401091401,
              "variance": 0.0007801778707652095,
              "sd": 0.0279316643035321,
              "sem": 0.00011912809441461671,
              "df": 54974,
              "critical": 1.96,
              "moe": 0.00023349106505264874,
              "p75": 0.008383000000094398,
              "p99": 0.02004000000005135,
              "p995": 0.03613500000000158,
              "p999": 0.12198399999999765,
              "sampleCount": 54975,
              "median": 0.007951999999988857
            },
            {
              "id": "1187820216_0_1",
              "name": "with base + many params",
              "rank": 2,
              "rme": 0.8239856378449851,
              "samples": [],
              "totalTime": 500.00459199999364,
              "min": 0.015603999999939333,
              "max": 1.6588789999998426,
              "hz": 54485.499605172314,
              "period": 0.018353507029328402,
              "mean": 0.018353507029328402,
              "variance": 0.00016218855203205078,
              "sd": 0.012735326930709348,
              "sem": 0.00007715829691966114,
              "df": 27242,
              "critical": 1.96,
              "moe": 0.0001512302619625358,
              "p75": 0.017326000000025488,
              "p99": 0.049925000000030195,
              "p995": 0.06499899999994341,
              "p999": 0.11506399999984751,
              "sampleCount": 27243,
              "median": 0.0168349999999009
            }
          ]
        }
      ]
    },
    {
      "filepath": "/home/runner/work/docs-mcp/docs-mcp/test/bench/migrate.bench.ts",
      "groups": [
        {
          "fullName": "test/bench/migrate.bench.ts > storage/migrate.migrate",
          "benchmarks": [
            {
              "id": "-542263300_0_0",
              "name": "empty DB -> latest",
              "rank": 1,
              "rme": 0.5025733580569052,
              "samples": [],
              "totalTime": 500.5671989999995,
              "min": 0.767251999999985,
              "max": 1.2733480000000554,
              "hz": 1196.6425311059995,
              "period": 0.8356714507512513,
              "mean": 0.8356714507512513,
              "variance": 0.0027503295540137382,
              "sd": 0.05244358448860774,
              "sem": 0.0021427867716139895,
              "df": 598,
              "critical": 1.96,
              "moe": 0.0041998620723634195,
              "p75": 0.8439690000000155,
              "p99": 1.1167809999999463,
              "p995": 1.2056259999999952,
              "p999": 1.2733480000000554,
              "sampleCount": 599,
              "median": 0.8258910000000128
            }
          ]
        }
      ]
    },
    {
      "filepath": "/home/runner/work/docs-mcp/docs-mcp/test/bench/sitemap.bench.ts",
      "groups": [
        {
          "fullName": "test/bench/sitemap.bench.ts > crawler/sitemap.parseSitemap",