{
  "files": [
    {
      "filepath": "/home/runner/work/docs-mcp/docs-mcp/test/bench/markdown.bench.ts",
      "groups": [
        {
          "fullName": "test/bench/markdown.bench.ts > extractor/markdown.htmlToMarkdown",
          "benchmarks": [
            {
              "id": "-917561216_0_0",
              "name": "nextjs fixture",
              "rank": 1,
              "rme": 2.2732812654867893,
              "samples": [],
              "totalTime": 500.557490999999,
              "min": 0.374885000000063,
              "max": 2.46262999999999,
              "hz": 1863.9217607873175,
              "period": 0.5365032057877803,
              "mean": 0.5365032057877803,
              "variance": 0.036126050898193186,
              "sd": 0.19006854263184422,
              "sem": 0.0062225647275049225,
              "df": 932,
              "critical": 1.96,
              "moe": 0.012196226865909647,
              "p75": 0.6206350000001066,
              "p99": 0.9559200000000487,
              "p995": 1.8079330000000482,
              "p999": 2.46262999999999,
              "sampleCount": 933,
              "median": 0.45385299999998097
            },
            {
              "id": "-917561216_0_1",
              "name": "synthetic ~200KB body",
              "rank": 2,
              "rme": 9.960369845251913,
              "samples": [],
              "totalTime": 508.8797960000004,
              "min": 16.391522000000123,
              "max": 33.925936999999976,
              "hz": 45.197314141353694,
              "period": 22.125208521739147,
              "mean": 22.125208521739147,
              "variance": 25.96785075238703,
              "sd": 5.095866045373154,
              "sem": 1.0625615225643261,
              "df": 22,
              "critical": 2.074,
              "moe": 2.2037525977984123,
              "p75": 24.411992000000055,
              "p99": 33.925936999999976,
              "p995": 33.925936999999976,
              "p999": 33.925936999999976,
              "sampleCount": 23,
              "median": 21.77303300000017
            }
          ]
        },
        {
          "fullName": "test/bench/markdown.bench.ts > extractor/extract",
          "benchmarks": [
            {
              "id": "-917561216_1_0",
              "name": "nextjs fixture",
              "rank": 1,
              "rme": 4.973222560095768,
              "samples": [],
              "totalTime": 501.4258730000008,
              "min": 0.9498439999997572,
              "max": 7.663086999999905,
              "hz": 648.1516361641743,
              "period": 1.5428488400000024,
              "mean": 1.5428488400000024,
              "variance": 0.49807387771589906,
              "sd": 0.7057434928611804,
              "sem": 0.03914760539747754,
              "df": 324,
              "critical": 1.96,
              "moe": 0.07672930657905598,
              "p75": 1.7637290000002395,
              "p99": 4.9301189999996495,
              "p995": 7.132274999999936,
              "p999": 7.663086999999905,
              "sampleCount": 325,
              "median": 1.4115520000000288
            }
          ]
        }
      ]
    },
    {
      "filepath": "/home/runner/work/docs-mcp/docs-mcp/test/bench/chunk.bench.ts",
      "groups": [
        {
          "fullName": "test/bench/chunk.bench.ts > indexer/chunk.chunk",
          "benchmarks": [
            {
              "id": "1717632122_0_0",
              "name": "~50KB heading-rich markdown",
              "rank": 1,
              "rme": 1.0856532719357075,
              "samples": [],
              "totalTime": 500.41375800000026,
              "min": 1.4784370000000422,
              "max": 2.574622999999974,
              "hz": 631.4774423128467,
              "period": 1.5835878417721527,
              "mean": 1.5835878417721527,
              "variance": 0.02431316786158162,
              "sd": 0.1559268028966849,
              "sem": 0.008771567968456854,
              "df": 315,
              "critical": 1.96,
              "moe": 0.017192273218175434,
              "p75": 1.626340999999968,
              "p99": 2.2874349999999595,
              "p995": 2.362910999999997,
              "p999": 2.574622999999974,
              "sampleCount": 316,
              "median": 1.5224084999999832
            }
          ]
        }
      ]
    },
    {
      "filepath": "/home/runner/work/docs-mcp/docs-mcp/test/bench/url.bench.ts",
      "groups": [
        {
          "fullName": "test/bench/url.bench.ts > crawler/url.normalize",
          "benchmarks": [
            {
              "id": "1187820216_0_0",
              "name": "hot path",
              "rank": 1,
              "rme": 2.378546407730318,
              "samples": [],
              "totalTime": 500.00529400000426,
              "min": 0.0070010000000024775,
              "max": 5.084027999999989,
              "hz": 111258.82199159182,
              "period": 0.008988051303253716,
              "mean": 0.008988051303253716,
              "variance": 0.000661837333035593,
              "sd": 0.025726199350770664,
              "sem": 0.00010907396499923433,
              "df": 55629,
              "critical": 1.96,
              "moe": 0.0002137849713984993,
              "p75": 0.008342999999968015,
              "p99": 0.01933000000002494,
              "p995": 0.03174800000010691,
              "p999": 0.11038600000000542,
              "sampleCount": 55630,
              "median": 0.00792199999989407
            },
            {
              "id": "1187820216_0_1",
              "name": "with base + many params",
              "rank": 2,
              "rme": 2.4967007195799713,
              "samples": [],
              "totalTime": 500.0101120000037,
              "min": 0.015563000000156535,
              "max": 5.988501000000042,
              "hz": 50986.96883954181,
              "period": 0.019612854475563022,
              "mean": 0.019612854475563022,
              "variance": 0.0015912573531234135,
              "sd": 0.0398905672198756,
              "sem": 0.0002498338157252829,
              "df": 25493,
              "critical": 1.96,
              "moe": 0.0004896742788215546,
              "p75": 0.017976999999973486,
              "p99": 0.04436600000008184,
              "p995": 0.052328999999872394,
              "p999": 0.20128300000010313,
              "sampleCount": 25494,
              "median": 0.016906000000062704
            }
          ]
        }
      ]
    },
    {
      "filepath": "/home/runner/work/docs-mcp/docs-mcp/test/bench/migrate.bench.ts",
      "groups": [
        {
          "fullName": "test/bench/migrate.bench.ts > storage/migrate.migrate",
          "benchmarks": [
            {
              "id": "-542263300_0_0",
              "name": "empty DB -> latest",
              "rank": 1,
              "rme": 0.5517700886128298,
              "samples": [],
              "totalTime": 500.72573900000054,
              "min": 0.7632600000000593,
              "max": 1.3651559999999563,
              "hz": 1200.2578521332998,
              "period": 0.8331543078203004,
              "mean": 0.8331543078203004,
              "variance": 0.0033062030722334143,
              "sd": 0.05749959193101647,
              "sem": 0.0023454572768069797,
              "df": 600,
              "critical": 1.96,
              "moe": 0.00459709626254168,
              "p75": 0.8417479999999955,
              "p99": 1.1179240000000163,
              "p995": 1.2126059999999939,
              "p999": 1.3651559999999563,
              "sampleCount": 601,
              "median": 0.8219780000000014
            }
          ]
        }
      ]
    },
    {
      "filepath": "/home/runner/work/docs-mcp/docs-mcp/test/bench/sitemap.bench.ts",
      "groups": [
        {
          "fullName": "test/bench/sitemap.bench.ts > crawler/sitemap.parseSitemap",