{
  "files": [
    {
      "filepath": "C:/Users/delta/repositories/kage1020/docs-mcp/test/bench/bm25.bench.ts",
      "groups": [
        {
          "fullName": "test/bench/bm25.bench.ts > search/bm25.searchBm25 (10k chunks)",
          "benchmarks": [
            {
              "id": "-1950380415_0_0",
              "name": "single-term query",
              "rank": 2,
              "rme": 1.0627454915033105,
              "samples": [],
              "totalTime": 500.51560000000035,
              "min": 1.4898999999999205,
              "max": 2.8155000000000427,
              "hz": 587.3942790194747,
              "period": 1.7024340136054434,
              "mean": 1.7024340136054434,
              "variance": 0.025051532900559576,
              "sd": 0.15827676045635877,
              "sem": 0.009230888125209545,
              "df": 293,
              "critical": 1.96,
              "moe": 0.018092540725410708,
              "p75": 1.7248999999999342,
              "p99": 2.666099999999915,
              "p995": 2.801400000000058,
              "p999": 2.8155000000000427,
              "sampleCount": 294,
              "median": 1.6832499999999868
            },
            {
              "id": "-1950380415_0_1",
              "name": "two-term query",
              "rank": 1,
              "rme": 0.5702555889658848,
              "samples": [],
              "totalTime": 500.0470000000025,
              "min": 0.1091999999998734,
              "max": 0.3483000000001084,
              "hz": 7557.289614776172,
              "period": 0.13232257210902423,
              "mean": 0.13232257210902423,
              "variance": 0.0005601079260451294,
              "sd": 0.02366659937644463,
              "sem": 0.00038498819536485906,
              "df": 3778,
              "critical": 1.96,
              "moe": 0.0007545768629151238,
              "p75": 0.13009999999985666,
              "p99": 0.22720000000003893,
              "p995": 0.24290000000019063,
              "p999": 0.27739999999994325,
              "sampleCount": 3779,
              "median": 0.12390000000004875
            }
          ]
        }
      ]
    },
    {
      "filepath": "C:/Users/delta/repositories/kage1020/docs-mcp/test/bench/chunk.bench.ts",
      "groups": [
        {
          "fullName": "test/bench/chunk.bench.ts > indexer/chunk.chunk",
          "benchmarks": [
            {
              "id": "1717632122_0_0",
              "name": "~50KB heading-rich markdown",
              "rank": 1,
              "rme": 1.4414852232040822,
              "samples": [],
              "totalTime": 500.94710000000117,
              "min": 1.0253000000000156,
              "max": 3.212099999999964,
              "hz": 840.4080989789122,
              "period": 1.189898099762473,
              "mean": 1.189898099762473,
              "variance": 0.03224110252018984,
              "sd": 0.17955807561953274,
              "sem": 0.008751125142480724,
              "df": 420,
              "critical": 1.96,
              "moe": 0.017152205279262218,
              "p75": 1.1902999999999793,
              "p99": 1.6905000000000427,
              "p995": 2.41070000000002,
              "p999": 3.212099999999964,
              "sampleCount": 421,
              "median": 1.1517000000000053
            }
          ]
        }
      ]
    },
    {
      "filepath": "C:/Users/delta/repositories/kage1020/docs-mcp/test/bench/hybrid.bench.ts",
      "groups": [
        {
          "fullName": "test/bench/hybrid.bench.ts > search/hybrid.rrf",
          "benchmarks": [
            {
              "id": "-797334765_0_0",
              "name": "merge two top-50 lists",
              "rank": 1,
              "rme": 4.397838157597725,
              "samples": [],
              "totalTime": 500.00479999999965,
              "min": 0.00479999999993197,
              "max": 2.2450000000000045,
              "hz": 134844.7054908274,
              "period": 0.007415938181332775,
              "mean": 0.007415938181332775,
              "variance": 0.0018668379373621296,
              "sd": 0.04320692001707747,
              "sem": 0.0001663984485114855,
              "df": 67422,
              "critical": 1.96,
              "moe": 0.0003261409590825116,
              "p75": 0.006099999999946704,
              "p99": 0.01160000000004402,
              "p995": 0.014200000000073487,
              "p999": 1.042599999999993,
              "sampleCount": 67423,
              "median": 0.005700000000047112
            }
          ]
        }
      ]
    },
    {
      "filepath": "C:/Users/delta/repositories/kage1020/docs-mcp/test/bench/markdown.bench.ts",
      "groups": [
        {
          "fullName": "test/bench/markdown.bench.ts > extractor/markdown.htmlToMarkdown",
          "benchmarks": [
            {
              "id": "-917561216_0_0",
              "name": "nextjs fixture",
              "rank": 1,
              "rme": 3.45632051925331,
              "samples": [],
              "totalTime": 500.2263000000006,
              "min": 0.25940000000002783,
              "max": 5.788700000000063,
              "hz": 2758.75138912128,
              "period": 0.362482826086957,
              "mean": 0.362482826086957,
              "variance": 0.0563858112566913,
              "sd": 0.23745696716814038,
              "sem": 0.006392126682047339,
              "df": 1379,
              "critical": 1.96,
              "moe": 0.012528568296812785,
              "p75": 0.3686000000000149,
              "p99": 0.7800999999999476,
              "p995": 2.293900000000008,
              "p999": 3.316599999999994,
              "sampleCount": 1380,
              "median": 0.31875000000002274
            },
            {
              "id": "-917561216_0_1",
              "name": "synthetic ~200KB body",
              "rank": 2,
              "rme": 11.64838620175742,
              "samples": [],
              "totalTime": 508.7065,
              "min": 17.359199999999873,
              "max": 42.61629999999991,
              "hz": 41.28117096990111,
              "period": 24.224119047619048,
              "mean": 24.224119047619048,
              "variance": 38.425381964618836,
              "sd": 6.198821014081536,
              "sem": 1.3526936436434076,
              "df": 20,
              "critical": 2.086,
              "moe": 2.821718940640148,
              "p75": 26.919399999999996,
              "p99": 42.61629999999991,
              "p995": 42.61629999999991,
              "p999": 42.61629999999991,
              "sampleCount": 21,
              "median": 24.27449999999999
            }
          ]
        },
        {
          "fullName": "test/bench/markdown.bench.ts > extractor/extract",
          "benchmarks": [
            {
              "id": "-917561216_1_0",
              "name": "nextjs fixture",
              "rank": 1,
              "rme": 4.703637993018873,
              "samples": [],
              "totalTime": 500.04330000000164,
              "min": 0.6390000000001237,
              "max": 6.018100000000231,
              "hz": 1027.9109829088768,
              "period": 0.9728468871595363,
              "mean": 0.9728468871595363,
              "variance": 0.28016104124761493,
              "sd": 0.5293024100149317,
              "sem": 0.023346528468539487,
              "df": 513,
              "critical": 1.96,
              "moe": 0.04575919579833739,
              "p75": 1.0412000000001171,
              "p99": 2.170900000000074,
              "p995": 5.766700000000128,
              "p999": 6.018100000000231,
              "sampleCount": 514,
              "median": 0.8148000000001048
            }
          ]
        }
      ]
    },
    {
      "filepath": "C:/Users/delta/repositories/kage1020/docs-mcp/test/bench/migrate.bench.ts",
      "groups": [
        {
          "fullName": "test/bench/migrate.bench.ts > storage/migrate.migrate",